{
  "version": "0.10.0",
  "graph": {
    "nodes": [
      {
        "id": "n0",
        "position": {
          "x": 0,
          "y": 0
        },
        "caption": "Person"
      },
      {
        "id": "n1",
        "position": {
          "x": 0,
          "y": 300
        },
        "caption": "Movie"
      },
      {
        "id": "n2",
        "position": {
          "x": 300,
          "y": 0
        },
        "caption": "User"
      }
    ],
    "relationships": [
      {
        "id": "n0",
        "type": "DIRECTED",
        "fromId": "n0",
        "toId": "n1"
      }
    ]
  },
  "dataModel": {
    "configurations": {
      "idsToIgnore": []
    },
    "fileModel": {
      "fileSchemas": {
        "acted_in.csv": {
          "expanded": true,
          "fields": [
            {
              "name": "movieId",
              "type": "integer",
              "sample": "1",
              "include": true
            },
            {
              "name": "person_tmdbId",
              "type": "integer",
              "sample": "12899",
              "include": true
            },
            {
              "name": "role",
              "type": "string",
              "sample": "Slinky Dog (voice)",
              "include": true
            }
          ]
        },
        "directed.csv": {
          "expanded": true,
          "fields": [
            {
              "name": "movieId",
              "type": "integer",
              "sample": "1",
              "include": true
            },
            {
              "name": "person_tmdbId",
              "type": "integer",
              "sample": "7879",
              "include": true
            }
          ]
        },
        "ratings.csv": {
          "expanded": true,
          "fields": [
            {
              "name": "movieId",
              "type": "boolean",
              "sample": "1",
              "include": true
            },
            {
              "name": "userId",
              "type": "integer",
              "sample": "630",
              "include": true
            },
            {
              "name": "name",
              "type": "string",
              "sample": "Glenn Mitchell",
              "include": true
            },
            {
              "name": "rating",
              "type": "float",
              "sample": "4.0",
              "include": true
            },
            {
              "name": "timestamp",
              "type": "integer",
              "sample": "1443807734",
              "include": true
            }
          ]
        },
        "movies.csv": {
          "expanded": true,
          "fields": [
            {
              "name": "movieId",
              "type": "integer",
              "sample": "1",
              "include": true
            },
            {
              "name": "title",
              "type": "string",
              "sample": "Toy Story",
              "include": true
            },
            {
              "name": "budget",
              "type": "float",
              "sample": "30000000.0",
              "include": true
            },
            {
              "name": "countries",
              "type": "string",
              "sample": "USA",
              "include": true
            },
            {
              "name": "movie_imdbId",
              "type": "integer",
              "sample": "114709",
              "include": true
            },
            {
              "name": "imdbRating",
              "type": "float",
              "sample": "8.3",
              "include": true
            },
            {
              "name": "imdbVotes",
              "type": "integer",
              "sample": "591836",
              "include": true
            },
            {
              "name": "languages",
              "type": "string",
              "sample": "English",
              "include": true
            },
            {
              "name": "plot",
              "type": "string",
              "sample": "A cowboy doll is profoundly threatened and jealous when a new spaceman figure supplants him as top toy in a boy's room.",
              "include": true
            },
            {
              "name": "movie_poster",
              "type": "string",
              "sample": "https://image.tmdb.org/t/p/w440_and_h660_face/uXDfjJbdP4ijW5hWSBrPrlKpxab.jpg",
              "include": true
            },
            {
              "name": "released",
              "type": "datetime",
              "sample": "1995-11-22",
              "include": true
            },
            {
              "name": "revenue",
              "type": "float",
              "sample": "373554033.0",
              "include": true
            },
            {
              "name": "runtime",
              "type": "integer",
              "sample": "81",
              "include": true
            },
            {
              "name": "movie_tmdbId",
              "type": "integer",
              "sample": "862",
              "include": true
            },
            {
              "name": "movie_url",
              "type": "string",
              "sample": "https://themoviedb.org/movie/862",
              "include": true
            },
            {
              "name": "year",
              "type": "integer",
              "sample": "1995",
              "include": true
            },
            {
              "name": "genres",
              "type": "string",
              "sample": "Adventure|Animation|Children|Comedy|Fantasy",
              "include": true
            }
          ]
        },
        "persons.csv": {
          "expanded": true,
          "fields": [
            {
              "name": "person_tmdbId",
              "type": "string",
              "sample": "3",
              "include": true
            },
            {
              "name": "bio",
              "type": "string",
              "sample": "Legendary Hollywood Icon Harrison Ford was born on July 13, 1942 in Chicago, Illinois.   His family history includes a strong lineage of actors, radio personalities, and models.   Harrison attended public high school in Park Ridge, Illinois where he was a member of the school Radio Station WMTH.  Harrison worked as the lead voice for sports reporting at WMTH for several years.   Acting wasn’t a major interest to Ford until his junior year at Ripon College when he first took an acting class...",
              "include": true
            },
            {
              "name": "born",
              "type": "datetime",
              "sample": "1942-07-13",
              "include": true
            },
            {
              "name": "bornIn",
              "type": "string",
              "sample": "Chicago, Illinois, USA",
              "include": true
            },
            {
              "name": "died",
              "type": "datetime",
              "sample": "",
              "include": true
            },
            {
              "name": "person_imdbId",
              "type": "integer",
              "sample": "148",
              "include": true
            },
            {
              "name": "name",
              "type": "string",
              "sample": "Harrison Ford",
              "include": true
            },
            {
              "name": "person_poster",
              "type": "string",
              "sample": "https://image.tmdb.org/t/p/w440_and_h660_face/5M7oN3sznp99hWYQ9sX0xheswWX.jpg",
              "include": true
            },
            {
              "name": "person_url",
              "type": "string",
              "sample": "https://themoviedb.org/person/3",
              "include": true
            }
          ]
        }
      }
    },
    "graphModel": {
      "nodeSchemas": {
        "n0": {
          "label": "Person",
          "additionLabels": [],
          "labelProperties": [],
          "properties": [
            {
              "property": "tmdbId",
              "type": "integer",
              "identifier": "koootQQekmxT__OfF8HzT"
            },
            {
              "property": "bio",
              "type": "string",
              "identifier": "BGPfq78vmXHvzgvVnqing"
            },
            {
              "property": "born",
              "type": "datetime",
              "identifier": "xHcI7nNHBbddaN32BMRXz"
            },
            {
              "property": "bornIn",
              "type": "string",
              "identifier": "GDKnLnvKRBrwlsgDqYS4Q"
            },
            {
              "property": "died",
              "type": "datetime",
              "identifier": "ttxv0n0baBFu28-qAmgV1"
            },
            {
              "property": "imdbId",
              "type": "integer",
              "identifier": "bxzTFoRpHzuoyR58NdbBq"
            },
            {
              "property": "name",
              "type": "string",
              "identifier": "feOtL9KPlCikmCFcNSFOA"
            },
            {
              "property": "poster",
              "type": "string",
              "identifier": "Y-Mhv-H0Mq3aEivHpUEYz"
            },
            {
              "property": "url",
              "type": "string",
              "identifier": "Off2IK1UBP2O0Ikpxeji1"
            }
          ],
          "key": {
            "properties": [
              "koootQQekmxT__OfF8HzT"
            ]
          }
        },
        "n1": {
          "label": "Movie",
          "additionLabels": [],
          "labelProperties": [],
          "properties": [
            {
              "property": "movieId",
              "type": "integer",
              "identifier": "eudVIGS0ay3vBzMbCxE1y"
            },
            {
              "property": "title",
              "type": "string",
              "identifier": "nsDlTvtFw4xrp_V78Cczg"
            },
            {
              "property": "budget",
              "type": "integer",
              "identifier": "Xuetun6dXdHbhIp8TPmjN"
            },
            {
              "property": "countries",
              "type": "string",
              "identifier": "g_V91FCMZt1Q0vL-LN168"
            },
            {
              "property": "imdbId",
              "type": "integer",
              "identifier": "Lzm_9sJBmDy-jQGCMPN2z"
            },
            {
              "property": "imdbRating",
              "type": "float",
              "identifier": "v-zMqPuHE0P0-8Gz9k6jn"
            },
            {
              "property": "imdbVotes",
              "type": "integer",
              "identifier": "RWokvEOMLKPHOX-PXQBA6"
            },
            {
              "property": "languages",
              "type": "string",
              "identifier": "RLDA8yFOjdGF5K5Wuge01"
            },
            {
              "property": "plot",
              "type": "string",
              "identifier": "hEJKvyHONRQs8UeT5_uI0"
            },
            {
              "property": "poster",
              "type": "string",
              "identifier": "cnpIlaTNyDfmV36zj43Eg"
            },
            {
              "property": "released",
              "type": "datetime",
              "identifier": "k-VWvgWSvtSPZ4nzjp1dM"
            },
            {
              "property": "revenue",
              "type": "integer",
              "identifier": "UxLM1IHD3-1o7PLE7Z_dK"
            },
            {
              "property": "runtime",
              "type": "integer",
              "identifier": "lZA6s5TowtyQnxHzBGTHz"
            },
            {
              "property": "tmdbId",
              "type": "integer",
              "identifier": "PqpQWho6_mdf5j-GfACgT"
            },
            {
              "property": "url",
              "type": "string",
              "identifier": "slSU4jxNPDaui6KIsI1zw"
            },
            {
              "property": "year",
              "type": "integer",
              "identifier": "rHmZFqbSh_tIz0KOpKPkv"
            },
            {
              "property": "genres",
              "type": "string",
              "identifier": "0JQSSWsjyvdW8JjyP_Cwr"
            }
          ],
          "key": {
            "properties": [
              "PqpQWho6_mdf5j-GfACgT"
            ]
          }
        },
        "n2": {
          "label": "User",
          "additionLabels": [],
          "labelProperties": [],
          "properties": [
            {
              "property": "userId",
              "type": "integer",
              "identifier": "p8YQ0xKph2KhgEGILkaE6"
            },
            {
              "property": "name",
              "type": "string",
              "identifier": "wZ__kuJa6c8Bo1--zkN9D"
            }
          ],
          "key": {
            "properties": [
              "p8YQ0xKph2KhgEGILkaE6"
            ]
          }
        }
      },
      "relationshipSchemas": {
        "n0": {
          "type": "DIRECTED",
          "sourceNodeSchema": "n0",
          "targetNodeSchema": "n1",
          "properties": []
        }
      }
    },
    "mappingModel": {
      "nodeMappings": {
        "n0": {
          "nodeSchema": "n0",
          "fileSchema": "persons.csv",
          "mappings": [
            {
              "field": "person_tmdbId"
            },
            {
              "field": "bio"
            },
            {
              "field": "born"
            },
            {
              "field": "bornIn"
            },
            {
              "field": "died"
            },
            {
              "field": "person_imdbId"
            },
            {
              "field": "name"
            },
            {
              "field": "person_poster"
            },
            {
              "field": "person_url"
            }
          ]
        },
        "n1": {
          "nodeSchema": "n1",
          "fileSchema": "movies.csv",
          "mappings": [
            {
              "field": "movieId"
            },
            {
              "field": "title"
            },
            {
              "field": "budget"
            },
            {
              "field": "countries"
            },
            {
              "field": "movie_imdbId"
            },
            {
              "field": "imdbRating"
            },
            {
              "field": "imdbVotes"
            },
            {
              "field": "languages"
            },
            {
              "field": "plot"
            },
            {
              "field": "movie_poster"
            },
            {
              "field": "released"
            },
            {
              "field": "revenue"
            },
            {
              "field": "runtime"
            },
            {
              "field": "movie_tmdbId"
            },
            {
              "field": "movie_url"
            },
            {
              "field": "year"
            },
            {
              "field": "genres"
            }
          ]
        },
        "n2": {
          "nodeSchema": "n2",
          "fileSchema": "ratings.csv",
          "mappings": [
            {
              "field": "userId"
            },
            {
              "field": "name"
            }
          ]
        }
      },
      "relationshipMappings": {
        "n0": {
          "relationshipSchema": "n0",
          "mappings": [],
          "sourceMappings": [
            {
              "field": "person_tmdbId"
            }
          ],
          "targetMappings": [
            {
              "field": "movieId"
            }
          ],
          "fileSchema": "directed.csv"
        }
      }
    }
  }
}