{
  "version": "1.4.0-beta.0",
  "graph": {
    "nodes": [
      {
        "id": "n0",
        "position": {
          "x": -155,
          "y": -45
        },
        "caption": "Person"
      }
    ],
    "relationships": []
  },
  "dataModel": {
    "version": "1.4.0-beta.0",
    "graphSchemaRepresentation": {
      "version": "1.0.0",
      "graphSchema": {
        "nodeLabels": [
          {
            "$id": "nl:n0",
            "token": "Person",
            "properties": [
              {
                "$id": "p:1",
                "token": "tmdbId",
                "type": {
                  "type": "integer"
                },
                "nullable": true
              },
              {
                "$id": "p:2",
                "token": "bio",
                "type": {
                  "type": "string"
                },
                "nullable": true
              },
              {
                "$id": "p:3",
                "token": "born",
                "type": {
                  "type": "datetime"
                },
                "nullable": true
              },
              {
                "$id": "p:4",
                "token": "bornIn",
                "type": {
                  "type": "string"
                },
                "nullable": true
              },
              {
                "$id": "p:5",
                "token": "died",
                "type": {
                  "type": "datetime"
                },
                "nullable": true
              },
              {
                "$id": "p:6",
                "token": "imdbId",
                "type": {
                  "type": "integer"
                },
                "nullable": true
              },
              {
                "$id": "p:7",
                "token": "name",
                "type": {
                  "type": "string"
                },
                "nullable": true
              },
              {
                "$id": "p:8",
                "token": "poster",
                "type": {
                  "type": "string"
                },
                "nullable": true
              },
              {
                "$id": "p:9",
                "token": "url",
                "type": {
                  "type": "string"
                },
                "nullable": true
              }
            ]
          }
        ],
        "relationshipTypes": [],
        "nodeObjectTypes": [
          {
            "$id": "n:n0",
            "labels": [
              {
                "$ref": "#nl:n0"
              }
            ]
          }
        ],
        "relationshipObjectTypes": [],
        "constraints": [
          {
            "$id": "c:1",
            "name": "tmdbId_Person_uniq",
            "constraintType": "uniqueness",
            "entityType": "node",
            "nodeLabel": {
              "$ref": "#nl:n0"
            },
            "properties": [
              {
                "$ref": "#p:1"
              }
            ]
          }
        ],
        "indexes": [
          {
            "$id": "i:1",
            "name": "tmdbId_Person_uniq",
            "indexType": "default",
            "entityType": "node",
            "nodeLabel": {
              "$ref": "#nl:n0"
            },
            "properties": [
              {
                "$ref": "#p:1"
              }
            ]
          }
        ]
      }
    },
    "graphSchemaExtensionsRepresentation": {
      "nodeKeyProperties": [
        {
          "node": {
            "$ref": "#n:n0"
          },
          "keyProperty": {
            "$ref": "#p:1"
          }
        }
      ]
    },
    "graphMappingRepresentation": {
      "dataSourceSchema": {
        "type": "local/csv",
        "tableSchemas": [
          {
            "$id": "t:1",
            "name": "persons.csv",
            "expanded": true,
            "fields": [
              {
                "name": "person_tmdbId",
                "type": "integer",
                "sample": "3",
                "include": true
              },
              {
                "name": "bio",
                "type": "string",
                "sample": "Legendary Hollywood Icon Harrison Ford was born on July 13, 1942 in Chicago, Illinois.   His family history includes a strong lineage of actors, radio personalities, and models.   Harrison attended public high school in Park Ridge, Illinois where he was a member of the school Radio Station WMTH.  Harrison worked as the lead voice for sports reporting at WMTH for several years.   Acting wasn’t a major interest to Ford until his junior year at Ripon College when he first took an acting class...",
                "include": true
              },
              {
                "name": "born",
                "type": "datetime",
                "sample": "1942-07-13",
                "include": true
              },
              {
                "name": "bornIn",
                "type": "string",
                "sample": "Chicago, Illinois, USA",
                "include": true
              },
              {
                "name": "died",
                "type": "datetime",
                "sample": "",
                "include": true
              },
              {
                "name": "person_imdbId",
                "type": "integer",
                "sample": "148",
                "include": true
              },
              {
                "name": "name",
                "type": "string",
                "sample": "Harrison Ford",
                "include": true
              },
              {
                "name": "person_poster",
                "type": "string",
                "sample": "https://image.tmdb.org/t/p/w440_and_h660_face/5M7oN3sznp99hWYQ9sX0xheswWX.jpg",
                "include": true
              },
              {
                "name": "person_url",
                "type": "string",
                "sample": "https://themoviedb.org/person/3",
                "include": true
              }
            ]
          }
        ]
      },
      "nodeMappings": [
        {
          "node": {
            "$ref": "#n:n0"
          },
          "tableSchema": {
            "$ref": "#t:1"
          },
          "propertyMappings": [
            {
              "fieldName": "person_tmdbId",
              "property": {
                "$ref": "#p:1"
              }
            },
            {
              "fieldName": "bio",
              "property": {
                "$ref": "#p:2"
              }
            },
            {
              "fieldName": "born",
              "property": {
                "$ref": "#p:3"
              }
            },
            {
              "fieldName": "bornIn",
              "property": {
                "$ref": "#p:4"
              }
            },
            {
              "fieldName": "died",
              "property": {
                "$ref": "#p:5"
              }
            },
            {
              "fieldName": "person_imdbId",
              "property": {
                "$ref": "#p:6"
              }
            },
            {
              "fieldName": "name",
              "property": {
                "$ref": "#p:7"
              }
            },
            {
              "fieldName": "person_poster",
              "property": {
                "$ref": "#p:8"
              }
            },
            {
              "fieldName": "person_url",
              "property": {
                "$ref": "#p:9"
              }
            }
          ]
        }
      ],
      "relationshipMappings": []
    },
    "configurations": {
      "idsToIgnore": []
    }
  }
}