{
  "version": "0.10.0",
  "graph": {
    "nodes": [],
    "relationships": []
  },
  "dataModel": {
    "fileModel": {
      "fileSchemas": {
        "acted_in.csv": {
          "expanded": true,
          "fields": [
            {
              "name": "movieId",
              "type": "integer",
              "sample": "1",
              "include": true
            },
            {
              "name": "person_tmdbId",
              "type": "integer",
              "sample": "12899",
              "include": true
            },
            {
              "name": "role",
              "type": "string",
              "sample": "Slinky Dog (voice)",
              "include": true
            }
          ]
        },
        "directed.csv": {
          "expanded": true,
          "fields": [
            {
              "name": "movieId",
              "type": "integer",
              "sample": "1",
              "include": true
            },
            {
              "name": "person_tmdbId",
              "type": "integer",
              "sample": "7879",
              "include": true
            }
          ]
        },
        "ratings.csv": {
          "expanded": true,
          "fields": [
            {
              "name": "movieId",
              "type": "boolean",
              "sample": "1",
              "include": true
            },
            {
              "name": "userId",
              "type": "integer",
              "sample": "630",
              "include": true
            },
            {
              "name": "name",
              "type": "string",
              "sample": "Glenn Mitchell",
              "include": true
            },
            {
              "name": "rating",
              "type": "float",
              "sample": "4.0",
              "include": true
            },
            {
              "name": "timestamp",
              "type": "integer",
              "sample": "1443807734",
              "include": true
            }
          ]
        },
        "movies.csv": {
          "expanded": true,
          "fields": [
            {
              "name": "movieId",
              "type": "integer",
              "sample": "1",
              "include": true
            },
            {
              "name": "title",
              "type": "string",
              "sample": "Toy Story",
              "include": true
            },
            {
              "name": "budget",
              "type": "float",
              "sample": "30000000.0",
              "include": true
            },
            {
              "name": "countries",
              "type": "string",
              "sample": "USA",
              "include": true
            },
            {
              "name": "movie_imdbId",
              "type": "integer",
              "sample": "114709",
              "include": true
            },
            {
              "name": "imdbRating",
              "type": "float",
              "sample": "8.3",
              "include": true
            },
            {
              "name": "imdbVotes",
              "type": "integer",
              "sample": "591836",
              "include": true
            },
            {
              "name": "languages",
              "type": "string",
              "sample": "English",
              "include": true
            },
            {
              "name": "plot",
              "type": "string",
              "sample": "A cowboy doll is profoundly threatened and jealous when a new spaceman figure supplants him as top toy in a boy's room.",
              "include": true
            },
            {
              "name": "movie_poster",
              "type": "string",
              "sample": "https://image.tmdb.org/t/p/w440_and_h660_face/uXDfjJbdP4ijW5hWSBrPrlKpxab.jpg",
              "include": true
            },
            {
              "name": "released",
              "type": "datetime",
              "sample": "1995-11-22",
              "include": true
            },
            {
              "name": "revenue",
              "type": "float",
              "sample": "373554033.0",
              "include": true
            },
            {
              "name": "runtime",
              "type": "integer",
              "sample": "81",
              "include": true
            },
            {
              "name": "movie_tmdbId",
              "type": "integer",
              "sample": "862",
              "include": true
            },
            {
              "name": "movie_url",
              "type": "string",
              "sample": "https://themoviedb.org/movie/862",
              "include": true
            },
            {
              "name": "year",
              "type": "integer",
              "sample": "1995",
              "include": true
            },
            {
              "name": "genres",
              "type": "string",
              "sample": "Adventure|Animation|Children|Comedy|Fantasy",
              "include": true
            }
          ]
        },
        "persons.csv": {
          "expanded": true,
          "fields": [
            {
              "name": "person_tmdbId",
              "type": "string",
              "sample": "3",
              "include": true
            },
            {
              "name": "bio",
              "type": "string",
              "sample": "Legendary Hollywood Icon Harrison Ford was born on July 13, 1942 in Chicago, Illinois.   His family history includes a strong lineage of actors, radio personalities, and models.   Harrison attended public high school in Park Ridge, Illinois where he was a member of the school Radio Station WMTH.  Harrison worked as the lead voice for sports reporting at WMTH for several years.   Acting wasn’t a major interest to Ford until his junior year at Ripon College when he first took an acting class...",
              "include": true
            },
            {
              "name": "born",
              "type": "datetime",
              "sample": "1942-07-13",
              "include": true
            },
            {
              "name": "bornIn",
              "type": "string",
              "sample": "Chicago, Illinois, USA",
              "include": true
            },
            {
              "name": "died",
              "type": "datetime",
              "sample": "",
              "include": true
            },
            {
              "name": "person_imdbId",
              "type": "integer",
              "sample": "148",
              "include": true
            },
            {
              "name": "name",
              "type": "string",
              "sample": "Harrison Ford",
              "include": true
            },
            {
              "name": "person_poster",
              "type": "string",
              "sample": "https://image.tmdb.org/t/p/w440_and_h660_face/5M7oN3sznp99hWYQ9sX0xheswWX.jpg",
              "include": true
            },
            {
              "name": "person_url",
              "type": "string",
              "sample": "https://themoviedb.org/person/3",
              "include": true
            }
          ]
        }
      }
    },
    "graphModel": {
      "nodeSchemas": {},
      "relationshipSchemas": {}
    },
    "mappingModel": {
      "nodeMappings": {},
      "relationshipMappings": {}
    },
    "configurations": {
      "idsToIgnore": []
    }
  }
}