{
  "version": "3.0.0",
  "visualisation": {
    "nodes": [
      {
        "id": "n:1",
        "position": {
          "x": 0,
          "y": 0
        }
      }
    ]
  },
  "dataModel": {
    "version": "3.0.0",
    "graphSchemaRepresentation": {
      "version": "1.0.0",
      "graphSchema": {
        "nodeLabels": [
          {
            "$id": "nl:1",
            "token": "Customer",
            "properties": [
              {
                "$id": "p:1",
                "token": "customerID",
                "type": {
                  "type": "string"
                },
                "nullable": true
              },
              {
                "$id": "p:2",
                "token": "companyName",
                "type": {
                  "type": "string"
                },
                "nullable": true
              },
              {
                "$id": "p:3",
                "token": "contactName",
                "type": {
                  "type": "string"
                },
                "nullable": true
              },
              {
                "$id": "p:4",
                "token": "contactTitle",
                "type": {
                  "type": "string"
                },
                "nullable": true
              },
              {
                "$id": "p:5",
                "token": "address",
                "type": {
                  "type": "string"
                },
                "nullable": true
              },
              {
                "$id": "p:6",
                "token": "city",
                "type": {
                  "type": "string"
                },
                "nullable": true
              },
              {
                "$id": "p:7",
                "token": "region",
                "type": {
                  "type": "string"
                },
                "nullable": true
              },
              {
                "$id": "p:8",
                "token": "postalCode",
                "type": {
                  "type": "string"
                },
                "nullable": true
              },
              {
                "$id": "p:9",
                "token": "country",
                "type": {
                  "type": "string"
                },
                "nullable": true
              },
              {
                "$id": "p:10",
                "token": "phone",
                "type": {
                  "type": "string"
                },
                "nullable": true
              },
              {
                "$id": "p:11",
                "token": "fax",
                "type": {
                  "type": "string"
                },
                "nullable": true
              }
            ]
          }
        ],
        "nodeObjectTypes": [
          {
            "$id": "n:1",
            "labels": [
              {
                "$ref": "#nl:1"
              }
            ]
          }
        ],
        "relationshipTypes": [],
        "relationshipObjectTypes": [],
        "indexes": [],
        "constraints": [
          {
            "$id": "c:1",
            "name": "customerID_Customer_uniq",
            "constraintType": "uniqueness",
            "entityType": "node",
            "nodeLabel": {
              "$ref": "#nl:1"
            },
            "properties": [
              {
                "$ref": "#p:1"
              }
            ]
          }
        ]
      }
    },
    "graphSchemaExtensionsRepresentation": {
      "nodeKeyProperties": [
        {
          "node": {
            "$ref": "#n:1"
          },
          "keyProperties": [
            {
              "$ref": "#p:1"
            }
          ]
        }
      ]
    },
    "graphMappingRepresentation": {
      "dataSourceSchema": {
        "type": "local",
        "tableSchemas": [
          {
            "name": "order-details.csv",
            "expanded": false,
            "fields": [
              {
                "name": "orderID",
                "sample": "10248",
                "recommendedType": {
                  "type": "integer"
                }
              },
              {
                "name": "productID",
                "sample": "11",
                "recommendedType": {
                  "type": "integer"
                }
              },
              {
                "name": "unitPrice",
                "sample": "14.00",
                "recommendedType": {
                  "type": "float"
                }
              },
              {
                "name": "quantity",
                "sample": "12",
                "recommendedType": {
                  "type": "integer"
                }
              },
              {
                "name": "discount",
                "sample": "0",
                "recommendedType": {
                  "type": "float"
                }
              }
            ],
            "primaryKeys": [],
            "foreignKeys": []
          },
          {
            "name": "orders.csv",
            "expanded": false,
            "fields": [
              {
                "name": "orderID",
                "sample": "10248",
                "recommendedType": {
                  "type": "integer"
                }
              },
              {
                "name": "customerID",
                "sample": "VINET",
                "recommendedType": {
                  "type": "string"
                }
              },
              {
                "name": "employeeID",
                "sample": "5",
                "recommendedType": {
                  "type": "integer"
                }
              },
              {
                "name": "orderDate",
                "sample": "1996-07-04 00:00:00.000",
                "recommendedType": {
                  "type": "string"
                }
              },
              {
                "name": "requiredDate",
                "sample": "1996-08-01 00:00:00.000",
                "recommendedType": {
                  "type": "string"
                }
              },
              {
                "name": "shippedDate",
                "sample": "1996-07-16 00:00:00.000",
                "recommendedType": {
                  "type": "string"
                }
              },
              {
                "name": "shipVia",
                "sample": "3",
                "recommendedType": {
                  "type": "integer"
                }
              },
              {
                "name": "freight",
                "sample": "32.38",
                "recommendedType": {
                  "type": "float"
                }
              },
              {
                "name": "shipName",
                "sample": "Vins et alcools Chevalier",
                "recommendedType": {
                  "type": "string"
                }
              },
              {
                "name": "shipAddress",
                "sample": "59 rue de l'Abbaye",
                "recommendedType": {
                  "type": "string"
                }
              },
              {
                "name": "shipCity",
                "sample": "Reims",
                "recommendedType": {
                  "type": "string"
                }
              },
              {
                "name": "shipRegion",
                "sample": "NULL",
                "recommendedType": {
                  "type": "string"
                }
              },
              {
                "name": "shipPostalCode",
                "sample": "51100",
                "recommendedType": {
                  "type": "string"
                }
              },
              {
                "name": "shipCountry",
                "sample": "France",
                "recommendedType": {
                  "type": "string"
                }
              }
            ],
            "primaryKeys": [],
            "foreignKeys": []
          },
          {
            "name": "territories.csv",
            "expanded": false,
            "fields": [
              {
                "name": "territoryID",
                "sample": "01581",
                "recommendedType": {
                  "type": "integer"
                }
              },
              {
                "name": "territoryDescription",
                "sample": "Westboro",
                "recommendedType": {
                  "type": "string"
                }
              },
              {
                "name": "regionID",
                "sample": "1",
                "recommendedType": {
                  "type": "integer"
                }
              }
            ],
            "primaryKeys": [],
            "foreignKeys": []
          },
          {
            "name": "suppliers.csv",
            "expanded": false,
            "fields": [
              {
                "name": "supplierID",
                "sample": "1",
                "recommendedType": {
                  "type": "integer"
                }
              },
              {
                "name": "companyName",
                "sample": "Exotic Liquids",
                "recommendedType": {
                  "type": "string"
                }
              },
              {
                "name": "contactName",
                "sample": "Charlotte Cooper",
                "recommendedType": {
                  "type": "string"
                }
              },
              {
                "name": "contactTitle",
                "sample": "Purchasing Manager",
                "recommendedType": {
                  "type": "string"
                }
              },
              {
                "name": "address",
                "sample": "49 Gilbert St.",
                "recommendedType": {
                  "type": "string"
                }
              },
              {
                "name": "city",
                "sample": "London",
                "recommendedType": {
                  "type": "string"
                }
              },
              {
                "name": "region",
                "sample": "NULL",
                "recommendedType": {
                  "type": "string"
                }
              },
              {
                "name": "postalCode",
                "sample": "EC1 4SD",
                "recommendedType": {
                  "type": "string"
                }
              },
              {
                "name": "country",
                "sample": "UK",
                "recommendedType": {
                  "type": "string"
                }
              },
              {
                "name": "phone",
                "sample": "(171) 555-2222",
                "recommendedType": {
                  "type": "string"
                }
              },
              {
                "name": "fax",
                "sample": "NULL",
                "recommendedType": {
                  "type": "string"
                }
              },
              {
                "name": "homePage",
                "sample": "NULL",
                "recommendedType": {
                  "type": "string"
                }
              }
            ],
            "primaryKeys": [],
            "foreignKeys": []
          },
          {
            "name": "shippers.csv",
            "expanded": false,
            "fields": [
              {
                "name": "shipperID",
                "sample": "1",
                "recommendedType": {
                  "type": "integer"
                }
              },
              {
                "name": "companyName",
                "sample": "Speedy Express",
                "recommendedType": {
                  "type": "string"
                }
              },
              {
                "name": "phone",
                "sample": "(503) 555-9831",
                "recommendedType": {
                  "type": "string"
                }
              }
            ],
            "primaryKeys": [],
            "foreignKeys": []
          },
          {
            "name": "regions.csv",
            "expanded": false,
            "fields": [
              {
                "name": "regionID",
                "sample": "1",
                "recommendedType": {
                  "type": "integer"
                }
              },
              {
                "name": "regionDescription",
                "sample": "Eastern",
                "recommendedType": {
                  "type": "string"
                }
              }
            ],
            "primaryKeys": [],
            "foreignKeys": []
          },
          {
            "name": "products.csv",
            "expanded": false,
            "fields": [
              {
                "name": "productID",
                "sample": "1",
                "recommendedType": {
                  "type": "integer"
                }
              },
              {
                "name": "productName",
                "sample": "Chai",
                "recommendedType": {
                  "type": "string"
                }
              },
              {
                "name": "supplierID",
                "sample": "1",
                "recommendedType": {
                  "type": "integer"
                }
              },
              {
                "name": "categoryID",
                "sample": "1",
                "recommendedType": {
                  "type": "integer"
                }
              },
              {
                "name": "quantityPerUnit",
                "sample": "10 boxes x 20 bags",
                "recommendedType": {
                  "type": "string"
                }
              },
              {
                "name": "unitPrice",
                "sample": "18.00",
                "recommendedType": {
                  "type": "float"
                }
              },
              {
                "name": "unitsInStock",
                "sample": "39",
                "recommendedType": {
                  "type": "integer"
                }
              },
              {
                "name": "unitsOnOrder",
                "sample": "0",
                "recommendedType": {
                  "type": "integer"
                }
              },
              {
                "name": "reorderLevel",
                "sample": "10",
                "recommendedType": {
                  "type": "integer"
                }
              },
              {
                "name": "discontinued",
                "sample": "0",
                "recommendedType": {
                  "type": "boolean"
                }
              }
            ],
            "primaryKeys": [],
            "foreignKeys": []
          },
          {
            "name": "employees.csv",
            "expanded": false,
            "fields": [
              {
                "name": "employeeID",
                "sample": "1",
                "recommendedType": {
                  "type": "integer"
                }
              },
              {
                "name": "lastName",
                "sample": "Davolio",
                "recommendedType": {
                  "type": "string"
                }
              },
              {
                "name": "firstName",
                "sample": "Nancy",
                "recommendedType": {
                  "type": "string"
                }
              },
              {
                "name": "title",
                "sample": "Sales Representative",
                "recommendedType": {
                  "type": "string"
                }
              },
              {
                "name": "titleOfCourtesy",
                "sample": "Ms.",
                "recommendedType": {
                  "type": "string"
                }
              },
              {
                "name": "birthDate",
                "sample": "1948-12-08 00:00:00.000",
                "recommendedType": {
                  "type": "string"
                }
              },
              {
                "name": "hireDate",
                "sample": "1992-05-01 00:00:00.000",
                "recommendedType": {
                  "type": "string"
                }
              },
              {
                "name": "address",
                "sample": "507 - 20th Ave. E. Apt. 2A",
                "recommendedType": {
                  "type": "string"
                }
              },
              {
                "name": "city",
                "sample": "Seattle",
                "recommendedType": {
                  "type": "string"
                }
              },
              {
                "name": "region",
                "sample": "WA",
                "recommendedType": {
                  "type": "string"
                }
              },
              {
                "name": "postalCode",
                "sample": "98122",
                "recommendedType": {
                  "type": "string"
                }
              },
              {
                "name": "country",
                "sample": "USA",
                "recommendedType": {
                  "type": "string"
                }
              },
              {
                "name": "homePhone",
                "sample": "(206) 555-9857",
                "recommendedType": {
                  "type": "string"
                }
              },
              {
                "name": "extension",
                "sample": "5467",
                "recommendedType": {
                  "type": "integer"
                }
              },
              {
                "name": "photo",
                "sample": "0x151C2F00020000000D000E0014002100FFFFFFFF4269746D617020496D616765005061696E742E50696374757265000105...",
                "recommendedType": {
                  "type": "string"
                }
              },
              {
                "name": "notes",
                "sample": "Education includes a BA in psychology from Colorado State University in 1970.  She also completed \"T...",
                "recommendedType": {
                  "type": "string"
                }
              },
              {
                "name": "reportsTo",
                "sample": "2",
                "recommendedType": {
                  "type": "string"
                }
              },
              {
                "name": "photoPath",
                "sample": "http://accweb/emmployees/davolio.bmp",
                "recommendedType": {
                  "type": "string"
                }
              }
            ],
            "primaryKeys": [],
            "foreignKeys": []
          },
          {
            "name": "employee-territories.csv",
            "expanded": false,
            "fields": [
              {
                "name": "employeeID",
                "sample": "1",
                "recommendedType": {
                  "type": "integer"
                }
              },
              {
                "name": "territoryID",
                "sample": "06897",
                "recommendedType": {
                  "type": "integer"
                }
              }
            ],
            "primaryKeys": [],
            "foreignKeys": []
          },
          {
            "name": "customers.csv",
            "expanded": false,
            "fields": [
              {
                "name": "customerID",
                "sample": "ALFKI",
                "recommendedType": {
                  "type": "string"
                }
              },
              {
                "name": "companyName",
                "sample": "Alfreds Futterkiste",
                "recommendedType": {
                  "type": "string"
                }
              },
              {
                "name": "contactName",
                "sample": "Maria Anders",
                "recommendedType": {
                  "type": "string"
                }
              },
              {
                "name": "contactTitle",
                "sample": "Sales Representative",
                "recommendedType": {
                  "type": "string"
                }
              },
              {
                "name": "address",
                "sample": "Obere Str. 57",
                "recommendedType": {
                  "type": "string"
                }
              },
              {
                "name": "city",
                "sample": "Berlin",
                "recommendedType": {
                  "type": "string"
                }
              },
              {
                "name": "region",
                "sample": "NULL",
                "recommendedType": {
                  "type": "string"
                }
              },
              {
                "name": "postalCode",
                "sample": "12209",
                "recommendedType": {
                  "type": "string"
                }
              },
              {
                "name": "country",
                "sample": "Germany",
                "recommendedType": {
                  "type": "string"
                }
              },
              {
                "name": "phone",
                "sample": "030-0074321",
                "recommendedType": {
                  "type": "string"
                }
              },
              {
                "name": "fax",
                "sample": "030-0076545",
                "recommendedType": {
                  "type": "string"
                }
              }
            ],
            "primaryKeys": [],
            "foreignKeys": []
          },
          {
            "name": "categories.csv",
            "expanded": true,
            "fields": [
              {
                "name": "categoryID",
                "sample": "1",
                "recommendedType": {
                  "type": "integer"
                }
              },
              {
                "name": "categoryName",
                "sample": "Beverages",
                "recommendedType": {
                  "type": "string"
                }
              },
              {
                "name": "description",
                "sample": "Soft drinks, coffees, teas, beers, and ales",
                "recommendedType": {
                  "type": "string"
                }
              },
              {
                "name": "picture",
                "sample": "0x151C2F00020000000D000E0014002100FFFFFFFF4269746D617020496D616765005061696E742E50696374757265000105...",
                "recommendedType": {
                  "type": "string"
                }
              }
            ],
            "primaryKeys": [],
            "foreignKeys": []
          }
        ]
      },
      "nodeMappings": [
        {
          "node": {
            "$ref": "#n:1"
          },
          "tableName": "customers.csv",
          "propertyMappings": [
            {
              "fieldName": "customerID",
              "property": {
                "$ref": "#p:1"
              }
            },
            {
              "fieldName": "companyName",
              "property": {
                "$ref": "#p:2"
              }
            },
            {
              "fieldName": "contactName",
              "property": {
                "$ref": "#p:3"
              }
            },
            {
              "fieldName": "contactTitle",
              "property": {
                "$ref": "#p:4"
              }
            },
            {
              "fieldName": "address",
              "property": {
                "$ref": "#p:5"
              }
            },
            {
              "fieldName": "city",
              "property": {
                "$ref": "#p:6"
              }
            },
            {
              "fieldName": "region",
              "property": {
                "$ref": "#p:7"
              }
            },
            {
              "fieldName": "postalCode",
              "property": {
                "$ref": "#p:8"
              }
            },
            {
              "fieldName": "country",
              "property": {
                "$ref": "#p:9"
              }
            },
            {
              "fieldName": "phone",
              "property": {
                "$ref": "#p:10"
              }
            },
            {
              "fieldName": "fax",
              "property": {
                "$ref": "#p:11"
              }
            }
          ]
        }
      ],
      "relationshipMappings": []
    },
    "configurations": {
      "idsToIgnore": []
    }
  }
}