{
  "version": "0.10.0",
  "graph": {
    "nodes": [
      {
        "id": "n0",
        "position": {
          "x": 0,
          "y": 0
        },
        "caption": "Person"
      },
      {
        "id": "n1",
        "position": {
          "x": 0,
          "y": 300
        },
        "caption": "Movie"
      },
      {
        "id": "n2",
        "position": {
          "x": 300,
          "y": 0
        },
        "caption": "User"
      }
    ],
    "relationships": [
      {
        "id": "n0",
        "type": "DIRECTED",
        "fromId": "n0",
        "toId": "n1"
      },
      {
        "id": "n1",
        "type": "ACTED_IN",
        "fromId": "n0",
        "toId": "n1"
      }
    ]
  },
  "dataModel": {
    "fileModel": {
      "fileSchemas": {
        "acted_in.csv": {
          "expanded": true,
          "fields": [
            {
              "name": "movieId",
              "type": "integer",
              "sample": "1",
              "include": true
            },
            {
              "name": "person_tmdbId",
              "type": "integer",
              "sample": "12899",
              "include": true
            },
            {
              "name": "role",
              "type": "string",
              "sample": "Slinky Dog (voice)",
              "include": true
            }
          ]
        },
        "directed.csv": {
          "expanded": true,
          "fields": [
            {
              "name": "movieId",
              "type": "integer",
              "sample": "1",
              "include": true
            },
            {
              "name": "person_tmdbId",
              "type": "integer",
              "sample": "7879",
              "include": true
            }
          ]
        },
        "ratings.csv": {
          "expanded": true,
          "fields": [
            {
              "name": "movieId",
              "type": "boolean",
              "sample": "1",
              "include": true
            },
            {
              "name": "userId",
              "type": "integer",
              "sample": "630",
              "include": true
            },
            {
              "name": "name",
              "type": "string",
              "sample": "Glenn Mitchell",
              "include": true
            },
            {
              "name": "rating",
              "type": "float",
              "sample": "4.0",
              "include": true
            },
            {
              "name": "timestamp",
              "type": "integer",
              "sample": "1443807734",
              "include": true
            }
          ]
        },
        "movies.csv": {
          "expanded": true,
          "fields": [
            {
              "name": "movieId",
              "type": "integer",
              "sample": "1",
              "include": true
            },
            {
              "name": "title",
              "type": "string",
              "sample": "Toy Story",
              "include": true
            },
            {
              "name": "budget",
              "type": "float",
              "sample": "30000000.0",
              "include": true
            },
            {
              "name": "countries",
              "type": "string",
              "sample": "USA",
              "include": true
            },
            {
              "name": "movie_imdbId",
              "type": "integer",
              "sample": "114709",
              "include": true
            },
            {
              "name": "imdbRating",
              "type": "float",
              "sample": "8.3",
              "include": true
            },
            {
              "name": "imdbVotes",
              "type": "integer",
              "sample": "591836",
              "include": true
            },
            {
              "name": "languages",
              "type": "string",
              "sample": "English",
              "include": true
            },
            {
              "name": "plot",
              "type": "string",
              "sample": "A cowboy doll is profoundly threatened and jealous when a new spaceman figure supplants him as top toy in a boy's room.",
              "include": true
            },
            {
              "name": "movie_poster",
              "type": "string",
              "sample": "https://image.tmdb.org/t/p/w440_and_h660_face/uXDfjJbdP4ijW5hWSBrPrlKpxab.jpg",
              "include": true
            },
            {
              "name": "released",
              "type": "datetime",
              "sample": "1995-11-22",
              "include": true
            },
            {
              "name": "revenue",
              "type": "float",
              "sample": "373554033.0",
              "include": true
            },
            {
              "name": "runtime",
              "type": "integer",
              "sample": "81",
              "include": true
            },
            {
              "name": "movie_tmdbId",
              "type": "integer",
              "sample": "862",
              "include": true
            },
            {
              "name": "movie_url",
              "type": "string",
              "sample": "https://themoviedb.org/movie/862",
              "include": true
            },
            {
              "name": "year",
              "type": "integer",
              "sample": "1995",
              "include": true
            },
            {
              "name": "genres",
              "type": "string",
              "sample": "Adventure|Animation|Children|Comedy|Fantasy",
              "include": true
            }
          ]
        },
        "persons.csv": {
          "expanded": true,
          "fields": [
            {
              "name": "person_tmdbId",
              "type": "string",
              "sample": "3",
              "include": true
            },
            {
              "name": "bio",
              "type": "string",
              "sample": "Legendary Hollywood Icon Harrison Ford was born on July 13, 1942 in Chicago, Illinois.   His family history includes a strong lineage of actors, radio personalities, and models.   Harrison attended public high school in Park Ridge, Illinois where he was a member of the school Radio Station WMTH.  Harrison worked as the lead voice for sports reporting at WMTH for several years.   Acting wasn’t a major interest to Ford until his junior year at Ripon College when he first took an acting class...",
              "include": true
            },
            {
              "name": "born",
              "type": "datetime",
              "sample": "1942-07-13",
              "include": true
            },
            {
              "name": "bornIn",
              "type": "string",
              "sample": "Chicago, Illinois, USA",
              "include": true
            },
            {
              "name": "died",
              "type": "datetime",
              "sample": "",
              "include": true
            },
            {
              "name": "person_imdbId",
              "type": "integer",
              "sample": "148",
              "include": true
            },
            {
              "name": "name",
              "type": "string",
              "sample": "Harrison Ford",
              "include": true
            },
            {
              "name": "person_poster",
              "type": "string",
              "sample": "https://image.tmdb.org/t/p/w440_and_h660_face/5M7oN3sznp99hWYQ9sX0xheswWX.jpg",
              "include": true
            },
            {
              "name": "person_url",
              "type": "string",
              "sample": "https://themoviedb.org/person/3",
              "include": true
            }
          ]
        }
      }
    },
    "graphModel": {
      "nodeSchemas": {
        "n0": {
          "label": "Person",
          "additionLabels": [],
          "labelProperties": [],
          "properties": [
            {
              "property": "tmdbId",
              "type": "string",
              "identifier": "jTADB6OMWwOU64whaaR4j"
            },
            {
              "property": "bio",
              "type": "string",
              "identifier": "qV1TcHiVsOB4Ojya8v7Pb"
            },
            {
              "property": "born",
              "type": "datetime",
              "identifier": "N35KN6h_4pt-mVt0Dlt1k"
            },
            {
              "property": "bornIn",
              "type": "string",
              "identifier": "jT6YzAN3MhgmShyt33T2F"
            },
            {
              "property": "died",
              "type": "datetime",
              "identifier": "A8LiuTmmc7yCSOtHA0c5H"
            },
            {
              "property": "imdbId",
              "type": "integer",
              "identifier": "fiESN94wsuwGDz3qI4Enl"
            },
            {
              "property": "name",
              "type": "string",
              "identifier": "632Sqtol9z8Rpr-OyoOsN"
            },
            {
              "property": "poster",
              "type": "string",
              "identifier": "04rRI6lRF8OJPOg0SFmXJ"
            },
            {
              "property": "url",
              "type": "string",
              "identifier": "a_UmUZ6zxd23cd_ytjinL"
            }
          ],
          "key": {
            "properties": [
              "jTADB6OMWwOU64whaaR4j"
            ]
          }
        },
        "n1": {
          "label": "Movie",
          "additionLabels": [],
          "labelProperties": [],
          "properties": [
            {
              "property": "movieId",
              "type": "integer",
              "identifier": "COYoJu1Hj4DUaLtyap6iR"
            },
            {
              "property": "title",
              "type": "string",
              "identifier": "_ivFXIdOtlTq_NikzC6La"
            },
            {
              "property": "budget",
              "type": "float",
              "identifier": "pavhhOhYQ2NCeu3nPOudt"
            },
            {
              "property": "countries",
              "type": "string",
              "identifier": "ATQyhQRavd0QM2fMxDqXN"
            },
            {
              "property": "imdbId",
              "type": "integer",
              "identifier": "G5a8gWdTwKpSv_Hw_NoRQ"
            },
            {
              "property": "imdbRating",
              "type": "float",
              "identifier": "yv90Hs6hkOaU4MlDZlDbI"
            },
            {
              "property": "imdbVotes",
              "type": "integer",
              "identifier": "zG-xm6eqADQYVkrynyixw"
            },
            {
              "property": "languages",
              "type": "string",
              "identifier": "DZJXwbBE1O4AY4P7sFbf0"
            },
            {
              "property": "plot",
              "type": "string",
              "identifier": "OY7zC2j5vNRPhjFn9MZ-K"
            },
            {
              "property": "poster",
              "type": "string",
              "identifier": "0ebFt1R89fqW6UWL7sYOl"
            },
            {
              "property": "released",
              "type": "datetime",
              "identifier": "-SGK9uZAwSxCO6J-8NNtV"
            },
            {
              "property": "revenue",
              "type": "float",
              "identifier": "Kg6d66Ln2VBVCahjIFCZG"
            },
            {
              "property": "runtime",
              "type": "integer",
              "identifier": "oICbPGdPLa6uxjsRakm8C"
            },
            {
              "property": "tmdbId",
              "type": "integer",
              "identifier": "IAbV0BbqCNWCLS4y6MqF3"
            },
            {
              "property": "url",
              "type": "string",
              "identifier": "kQVU8Ut9qNkO7W_PwIsWE"
            },
            {
              "property": "year",
              "type": "integer",
              "identifier": "feHjYgLOuzb3hNKSiotc4"
            },
            {
              "property": "genres",
              "type": "string",
              "identifier": "c6t2yEhJgnm-OGvR24vfJ"
            }
          ],
          "key": {
            "properties": [
              "IAbV0BbqCNWCLS4y6MqF3"
            ]
          }
        },
        "n2": {
          "label": "User",
          "additionLabels": [],
          "labelProperties": [],
          "properties": [
            {
              "property": "userId",
              "type": "integer",
              "identifier": "nH5XznueSkyQCNEE21a93"
            },
            {
              "property": "name",
              "type": "string",
              "identifier": "RdnZaRhPm8d88Ki8byDEp"
            }
          ],
          "key": {
            "properties": [
              "nH5XznueSkyQCNEE21a93"
            ]
          }
        }
      },
      "relationshipSchemas": {
        "n0": {
          "type": "DIRECTED",
          "sourceNodeSchema": "n0",
          "targetNodeSchema": "n1",
          "properties": []
        },
        "n1": {
          "type": "ACTED_IN",
          "sourceNodeSchema": "n0",
          "targetNodeSchema": "n1",
          "properties": [
            {
              "property": "role",
              "type": "string",
              "identifier": "R66GUJ5bbc_GWd6hztEyB"
            }
          ]
        }
      }
    },
    "mappingModel": {
      "nodeMappings": {
        "n0": {
          "nodeSchema": "n0",
          "fileSchema": "persons.csv",
          "mappings": [
            {
              "field": "person_tmdbId"
            },
            {
              "field": "bio"
            },
            {
              "field": "born"
            },
            {
              "field": "bornIn"
            },
            {
              "field": "died"
            },
            {
              "field": "person_imdbId"
            },
            {
              "field": "name"
            },
            {
              "field": "person_poster"
            },
            {
              "field": "person_url"
            }
          ]
        },
        "n1": {
          "nodeSchema": "n1",
          "fileSchema": "movies.csv",
          "mappings": [
            {
              "field": "movieId"
            },
            {
              "field": "title"
            },
            {
              "field": "budget"
            },
            {
              "field": "countries"
            },
            {
              "field": "movie_imdbId"
            },
            {
              "field": "imdbRating"
            },
            {
              "field": "imdbVotes"
            },
            {
              "field": "languages"
            },
            {
              "field": "plot"
            },
            {
              "field": "movie_poster"
            },
            {
              "field": "released"
            },
            {
              "field": "revenue"
            },
            {
              "field": "runtime"
            },
            {
              "field": "movie_tmdbId"
            },
            {
              "field": "movie_url"
            },
            {
              "field": "year"
            },
            {
              "field": "genres"
            }
          ]
        },
        "n2": {
          "nodeSchema": "n2",
          "fileSchema": "ratings.csv",
          "mappings": [
            {
              "field": "userId"
            },
            {
              "field": "name"
            }
          ]
        }
      },
      "relationshipMappings": {
        "n0": {
          "relationshipSchema": "n0",
          "mappings": [],
          "sourceMappings": [
            {
              "field": "person_tmdbId"
            }
          ],
          "targetMappings": [
            {
              "field": "movieId"
            }
          ],
          "fileSchema": "directed.csv"
        },
        "n1": {
          "relationshipSchema": "n1",
          "mappings": [
            {
              "field": "role"
            }
          ],
          "sourceMappings": [
            {
              "field": "person_tmdbId"
            }
          ],
          "targetMappings": [
            {
              "field": "movieId"
            }
          ],
          "fileSchema": "acted_in.csv"
        }
      }
    },
    "configurations": {
      "idsToIgnore": []
    }
  }
}